confidence,text
35.30622100830078,( O00000OO
82.01419067382812,< 0000000O
24.801830291748047,(
45.810611724853516,O00000OO
99.40538024902344,<
64.62300109863281,0000000O
