confidence,text
30.209312438964844,E
1.6360163688659668,S
