confidence,text
17.818477630615234,y
15.030142784118652,1
11.714411735534668,a
10.40943717956543,d
