confidence,text
47.569419860839844,L1I
23.106836318969727,Li
51.140830993652344,t
87.2567138671875,L
15.18399715423584,H
