confidence,text
97.9956283569336,BRE
90.28873443603516,N TWo
96.39311218261719,N
84.18435668945312,TWo
