confidence,text
36.875213623046875,n
21.608158111572266,-e #P
56.83888626098633,o
36.03963851928711,0
23.01335906982422,-e
20.202957153320312,#P
