confidence,text
67.1419448852539,408 53964 2 5396 4 2S
85.0862808227539,408
76.81163024902344,53964 2
83.28556060791016,5396
27.120803833007812,4
63.40544128417969,2S
