confidence,text
33.35460662841797,&
50.14180374145508,(?
63.55381774902344,c
35.838382720947266,a
18.144107818603516,T
