confidence,text
26.685985565185547,TE
99.61469268798828,457345390028
