confidence,text
98.62061309814453,4566577677
74.18264770507812,H
99.86576080322266,457345390028
