confidence,text
87.13426208496094,O
13.060322761535645,u
80.77633666992188,in
86.95411682128906,r
83.30415344238281,O
61.72499084472656,o
9.644179344177246,-ta
68.57150268554688,O
