confidence,text
29.869647979736328,N
29.171594619750977,u
28.0798397064209,O
42.076377868652344,t
