confidence,text
87.43833923339844,TTB INC.
99.71864318847656,Dan Porter
99.87377166748047,Sales Manager
99.65673065185547,dporter@ttb.com
90.35804748535156,+123-456-7890
93.9051513671875,TTB
80.97152709960938,INC.
99.56488037109375,Dan
99.87240600585938,Porter
99.89663696289062,Sales
99.85089874267578,Manager
