confidence,text
90.73550415039062,O
99.9195327758789,Tom Kenson
99.96048736572266,Marketing Director
99.64136505126953,Email: tomj@ccards.com
98.80052185058594,Phone: +19817644593234
99.94475555419922,Tom
99.8943099975586,Kenson
99.96467590332031,Marketing
99.956298828125,Director
99.49329376220703,Email:
99.78944396972656,tomj@ccards.com
99.8209228515625,Phone:
97.78011322021484,+19817644593234
